cases,null_hypo,alt_hypo,sims,perms,power
2,0.75,0.85,5e3,5e4,0.498
3,0.75,0.85,5e3,5e4,0.3512
4,0.75,0.85,5e3,5e4,0.2804
5,0.75,0.85,5e3,5e4,0.2322
6,0.75,0.85,5e3,5e4,0.215
7,0.75,0.85,5e3,5e4,0.2118
8,0.75,0.85,5e3,5e4,0.214
9,0.75,0.85,5e3,5e4,0.207
10,0.75,0.85,5e3,5e4,0.22
11,0.75,0.85,5e3,5e4,0.2226
12,0.75,0.85,5e3,5e4,0.241
13,0.75,0.85,5e3,5e4,0.2416
14,0.75,0.85,5e3,5e4,0.254
15,0.75,0.85,5e3,5e4,0.2516
16,0.75,0.85,5e3,5e4,0.2698
17,0.75,0.85,5e3,5e4,0.2722
18,0.75,0.85,5e3,5e4,0.284
19,0.75,0.85,5e3,5e4,0.2862
20,0.75,0.85,5e3,5e4,0.3058
21,0.75,0.85,5e3,5e4,0.3014
22,0.75,0.85,5e3,5e4,0.3148
23,0.75,0.85,5e3,5e4,0.32
24,0.75,0.85,5e3,5e4,0.3284
25,0.75,0.85,5e3,5e4,0.3452
26,0.75,0.85,5e3,5e4,0.3564
27,0.75,0.85,5e3,5e4,0.3616
28,0.75,0.85,5e3,5e4,0.3824
29,0.75,0.85,5e3,5e4,0.3818
30,0.75,0.85,5e3,5e4,0.382
31,0.75,0.85,5e3,5e4,0.3858
32,0.75,0.85,5e3,5e4,0.395
33,0.75,0.85,5e3,5e4,0.4138
34,0.75,0.85,5e3,5e4,0.4076
35,0.75,0.85,5e3,5e4,0.4256
36,0.75,0.85,5e3,5e4,0.4292
37,0.75,0.85,5e3,5e4,0.4314
38,0.75,0.85,5e3,5e4,0.4392
39,0.75,0.85,5e3,5e4,0.4512
40,0.75,0.85,5e3,5e4,0.4536
41,0.75,0.85,5e3,5e4,0.4714
42,0.75,0.85,5e3,5e4,0.4744
43,0.75,0.85,5e3,5e4,0.4842
44,0.75,0.85,5e3,5e4,0.4878
45,0.75,0.85,5e3,5e4,0.5004
46,0.75,0.85,5e3,5e4,0.492
47,0.75,0.85,5e3,5e4,0.5052
48,0.75,0.85,5e3,5e4,0.5038
49,0.75,0.85,5e3,5e4,0.5132
50,0.75,0.85,5e3,5e4,0.5136
51,0.75,0.85,5e3,5e4,0.5354
52,0.75,0.85,5e3,5e4,0.5356
53,0.75,0.85,5e3,5e4,0.5412
54,0.75,0.85,5e3,5e4,0.5336
55,0.75,0.85,5e3,5e4,0.5428
56,0.75,0.85,5e3,5e4,0.543
57,0.75,0.85,5e3,5e4,0.5564
58,0.75,0.85,5e3,5e4,0.5596
59,0.75,0.85,5e3,5e4,0.5768
60,0.75,0.85,5e3,5e4,0.5696
61,0.75,0.85,5e3,5e4,0.571
62,0.75,0.85,5e3,5e4,0.5806
63,0.75,0.85,5e3,5e4,0.5778
64,0.75,0.85,5e3,5e4,0.5946
65,0.75,0.85,5e3,5e4,0.5924
66,0.75,0.85,5e3,5e4,0.6
67,0.75,0.85,5e3,5e4,0.599
68,0.75,0.85,5e3,5e4,0.6114
69,0.75,0.85,5e3,5e4,0.6122
70,0.75,0.85,5e3,5e4,0.6176
71,0.75,0.85,5e3,5e4,0.6224
72,0.75,0.85,5e3,5e4,0.6214
73,0.75,0.85,5e3,5e4,0.6158
74,0.75,0.85,5e3,5e4,0.6352
75,0.75,0.85,5e3,5e4,0.6364
76,0.75,0.85,5e3,5e4,0.6222
77,0.75,0.85,5e3,5e4,0.6422
78,0.75,0.85,5e3,5e4,0.6536
79,0.75,0.85,5e3,5e4,0.646
80,0.75,0.85,5e3,5e4,0.6546
81,0.75,0.85,5e3,5e4,0.6604
82,0.75,0.85,5e3,5e4,0.6596
83,0.75,0.85,5e3,5e4,0.683
84,0.75,0.85,5e3,5e4,0.6676
85,0.75,0.85,5e3,5e4,0.6794
86,0.75,0.85,5e3,5e4,0.6786
87,0.75,0.85,5e3,5e4,0.6952
88,0.75,0.85,5e3,5e4,0.6872
89,0.75,0.85,5e3,5e4,0.6916
90,0.75,0.85,5e3,5e4,0.6814
91,0.75,0.85,5e3,5e4,0.7054
92,0.75,0.85,5e3,5e4,0.7028
93,0.75,0.85,5e3,5e4,0.7166
94,0.75,0.85,5e3,5e4,0.7178
95,0.75,0.85,5e3,5e4,0.7086
96,0.75,0.85,5e3,5e4,0.7214
97,0.75,0.85,5e3,5e4,0.72
98,0.75,0.85,5e3,5e4,0.723
99,0.75,0.85,5e3,5e4,0.7172
100,0.75,0.85,5e3,5e4,0.7332
2,0.75,1,5e3,5e4,0.8598
3,0.75,1,5e3,5e4,0.8048
4,0.75,1,5e3,5e4,0.7942
5,0.75,1,5e3,5e4,0.794
6,0.75,1,5e3,5e4,0.7806
7,0.75,1,5e3,5e4,0.8278
8,0.75,1,5e3,5e4,0.8368
9,0.75,1,5e3,5e4,0.8478
10,0.75,1,5e3,5e4,0.856
11,0.75,1,5e3,5e4,0.8782
12,0.75,1,5e3,5e4,0.8854
13,0.75,1,5e3,5e4,0.8976
14,0.75,1,5e3,5e4,0.9128
15,0.75,1,5e3,5e4,0.9242
16,0.75,1,5e3,5e4,0.9306
17,0.75,1,5e3,5e4,0.9406
18,0.75,1,5e3,5e4,0.9492
19,0.75,1,5e3,5e4,0.9498
20,0.75,1,5e3,5e4,0.9568
21,0.75,1,5e3,5e4,0.969
22,0.75,1,5e3,5e4,0.9668
23,0.75,1,5e3,5e4,0.9748
24,0.75,1,5e3,5e4,0.9712
25,0.75,1,5e3,5e4,0.9784
26,0.75,1,5e3,5e4,0.9778
27,0.75,1,5e3,5e4,0.982
28,0.75,1,5e3,5e4,0.9864
29,0.75,1,5e3,5e4,0.9848
30,0.75,1,5e3,5e4,0.988
31,0.75,1,5e3,5e4,0.9926
32,0.75,1,5e3,5e4,0.9878
33,0.75,1,5e3,5e4,0.995
34,0.75,1,5e3,5e4,0.993
35,0.75,1,5e3,5e4,0.9956
36,0.75,1,5e3,5e4,0.995
37,0.75,1,5e3,5e4,0.995
38,0.75,1,5e3,5e4,0.9964
39,0.75,1,5e3,5e4,0.9968
40,0.75,1,5e3,5e4,0.9974
41,0.75,1,5e3,5e4,0.9982
42,0.75,1,5e3,5e4,0.9982
43,0.75,1,5e3,5e4,0.9992
44,0.75,1,5e3,5e4,0.9982
45,0.75,1,5e3,5e4,0.9992
46,0.75,1,5e3,5e4,0.9992
47,0.75,1,5e3,5e4,0.9992
48,0.75,1,5e3,5e4,0.9998
49,0.75,1,5e3,5e4,0.9988
50,0.75,1,5e3,5e4,0.9998
51,0.75,1,5e3,5e4,0.999
52,0.75,1,5e3,5e4,0.9998
53,0.75,1,5e3,5e4,0.9998
54,0.75,1,5e3,5e4,0.9992
55,0.75,1,5e3,5e4,1
56,0.75,1,5e3,5e4,1
57,0.75,1,5e3,5e4,1
58,0.75,1,5e3,5e4,0.9998
59,0.75,1,5e3,5e4,0.9998
60,0.75,1,5e3,5e4,1
61,0.75,1,5e3,5e4,1
62,0.75,1,5e3,5e4,1
63,0.75,1,5e3,5e4,1
64,0.75,1,5e3,5e4,1
65,0.75,1,5e3,5e4,1
66,0.75,1,5e3,5e4,1
67,0.75,1,5e3,5e4,1
68,0.75,1,5e3,5e4,1
69,0.75,1,5e3,5e4,1
70,0.75,1,5e3,5e4,1
71,0.75,1,5e3,5e4,1
72,0.75,1,5e3,5e4,1
73,0.75,1,5e3,5e4,1
74,0.75,1,5e3,5e4,0.9998
75,0.75,1,5e3,5e4,1
76,0.75,1,5e3,5e4,1
77,0.75,1,5e3,5e4,1
78,0.75,1,5e3,5e4,1
79,0.75,1,5e3,5e4,1
80,0.75,1,5e3,5e4,1
81,0.75,1,5e3,5e4,1
82,0.75,1,5e3,5e4,1
83,0.75,1,5e3,5e4,1
84,0.75,1,5e3,5e4,1
85,0.75,1,5e3,5e4,1
86,0.75,1,5e3,5e4,1
87,0.75,1,5e3,5e4,1
88,0.75,1,5e3,5e4,1
89,0.75,1,5e3,5e4,1
90,0.75,1,5e3,5e4,1
91,0.75,1,5e3,5e4,1
92,0.75,1,5e3,5e4,1
93,0.75,1,5e3,5e4,1
94,0.75,1,5e3,5e4,1
95,0.75,1,5e3,5e4,1
96,0.75,1,5e3,5e4,1
97,0.75,1,5e3,5e4,1
98,0.75,1,5e3,5e4,1
99,0.75,1,5e3,5e4,1
100,0.75,1,5e3,5e4,1
2,0.8,0.85,5e3,5e4,0.4334
3,0.8,0.85,5e3,5e4,0.2578
4,0.8,0.85,5e3,5e4,0.168
5,0.8,0.85,5e3,5e4,0.1182
6,0.8,0.85,5e3,5e4,0.0888
7,0.8,0.85,5e3,5e4,0.076
8,0.8,0.85,5e3,5e4,0.0716
9,0.8,0.85,5e3,5e4,0.0608
10,0.8,0.85,5e3,5e4,0.0538
11,0.8,0.85,5e3,5e4,0.0516
12,0.8,0.85,5e3,5e4,0.0506
13,0.8,0.85,5e3,5e4,0.0474
14,0.8,0.85,5e3,5e4,0.0456
15,0.8,0.85,5e3,5e4,0.0454
16,0.8,0.85,5e3,5e4,0.044
17,0.8,0.85,5e3,5e4,0.0444
18,0.8,0.85,5e3,5e4,0.0458
19,0.8,0.85,5e3,5e4,0.0422
20,0.8,0.85,5e3,5e4,0.0488
21,0.8,0.85,5e3,5e4,0.0378
22,0.8,0.85,5e3,5e4,0.0406
23,0.8,0.85,5e3,5e4,0.0414
24,0.8,0.85,5e3,5e4,0.0398
25,0.8,0.85,5e3,5e4,0.04
26,0.8,0.85,5e3,5e4,0.0388
27,0.8,0.85,5e3,5e4,0.039
28,0.8,0.85,5e3,5e4,0.036
29,0.8,0.85,5e3,5e4,0.0374
30,0.8,0.85,5e3,5e4,0.0362
31,0.8,0.85,5e3,5e4,0.0348
32,0.8,0.85,5e3,5e4,0.0356
33,0.8,0.85,5e3,5e4,0.038
34,0.8,0.85,5e3,5e4,0.0344
35,0.8,0.85,5e3,5e4,0.0376
36,0.8,0.85,5e3,5e4,0.032
37,0.8,0.85,5e3,5e4,0.0346
38,0.8,0.85,5e3,5e4,0.0332
39,0.8,0.85,5e3,5e4,0.0292
40,0.8,0.85,5e3,5e4,0.0284
41,0.8,0.85,5e3,5e4,0.0326
42,0.8,0.85,5e3,5e4,0.0302
43,0.8,0.85,5e3,5e4,0.032
44,0.8,0.85,5e3,5e4,0.0308
45,0.8,0.85,5e3,5e4,0.0308
46,0.8,0.85,5e3,5e4,0.0276
47,0.8,0.85,5e3,5e4,0.032
48,0.8,0.85,5e3,5e4,0.0278
49,0.8,0.85,5e3,5e4,0.0296
50,0.8,0.85,5e3,5e4,0.0274
51,0.8,0.85,5e3,5e4,0.0286
52,0.8,0.85,5e3,5e4,0.0316
53,0.8,0.85,5e3,5e4,0.0306
54,0.8,0.85,5e3,5e4,0.0252
55,0.8,0.85,5e3,5e4,0.0264
56,0.8,0.85,5e3,5e4,0.0272
57,0.8,0.85,5e3,5e4,0.0278
58,0.8,0.85,5e3,5e4,0.0266
59,0.8,0.85,5e3,5e4,0.0234
60,0.8,0.85,5e3,5e4,0.0276
61,0.8,0.85,5e3,5e4,0.0234
62,0.8,0.85,5e3,5e4,0.0244
63,0.8,0.85,5e3,5e4,0.0208
64,0.8,0.85,5e3,5e4,0.0228
65,0.8,0.85,5e3,5e4,0.0236
66,0.8,0.85,5e3,5e4,0.0232
67,0.8,0.85,5e3,5e4,0.0212
68,0.8,0.85,5e3,5e4,0.0238
69,0.8,0.85,5e3,5e4,0.0206
70,0.8,0.85,5e3,5e4,0.0258
71,0.8,0.85,5e3,5e4,0.0212
72,0.8,0.85,5e3,5e4,0.0226
73,0.8,0.85,5e3,5e4,0.018
74,0.8,0.85,5e3,5e4,0.0194
75,0.8,0.85,5e3,5e4,0.0194
76,0.8,0.85,5e3,5e4,0.0158
77,0.8,0.85,5e3,5e4,0.0212
78,0.8,0.85,5e3,5e4,0.0214
79,0.8,0.85,5e3,5e4,0.018
80,0.8,0.85,5e3,5e4,0.0186
81,0.8,0.85,5e3,5e4,0.0216
82,0.8,0.85,5e3,5e4,0.0172
83,0.8,0.85,5e3,5e4,0.0194
84,0.8,0.85,5e3,5e4,0.0176
85,0.8,0.85,5e3,5e4,0.0176
86,0.8,0.85,5e3,5e4,0.015
87,0.8,0.85,5e3,5e4,0.0196
88,0.8,0.85,5e3,5e4,0.0206
89,0.8,0.85,5e3,5e4,0.014
90,0.8,0.85,5e3,5e4,0.017
91,0.8,0.85,5e3,5e4,0.0158
92,0.8,0.85,5e3,5e4,0.0158
93,0.8,0.85,5e3,5e4,0.0136
94,0.8,0.85,5e3,5e4,0.0124
95,0.8,0.85,5e3,5e4,0.0176
96,0.8,0.85,5e3,5e4,0.0164
97,0.8,0.85,5e3,5e4,0.0174
98,0.8,0.85,5e3,5e4,0.0146
99,0.8,0.85,5e3,5e4,0.0164
100,0.8,0.85,5e3,5e4,0.0166
2,0.8,1,5e3,5e4,0.8294
3,0.8,1,5e3,5e4,0.7468
4,0.8,1,5e3,5e4,0.7058
5,0.8,1,5e3,5e4,0.6856
6,0.8,1,5e3,5e4,0.6628
7,0.8,1,5e3,5e4,0.6962
8,0.8,1,5e3,5e4,0.6938
9,0.8,1,5e3,5e4,0.7078
10,0.8,1,5e3,5e4,0.7026
11,0.8,1,5e3,5e4,0.73
12,0.8,1,5e3,5e4,0.7304
13,0.8,1,5e3,5e4,0.7356
14,0.8,1,5e3,5e4,0.7732
15,0.8,1,5e3,5e4,0.7654
16,0.8,1,5e3,5e4,0.7752
17,0.8,1,5e3,5e4,0.791
18,0.8,1,5e3,5e4,0.7916
19,0.8,1,5e3,5e4,0.8124
20,0.8,1,5e3,5e4,0.813
21,0.8,1,5e3,5e4,0.8252
22,0.8,1,5e3,5e4,0.8326
23,0.8,1,5e3,5e4,0.834
24,0.8,1,5e3,5e4,0.8458
25,0.8,1,5e3,5e4,0.8514
26,0.8,1,5e3,5e4,0.8536
27,0.8,1,5e3,5e4,0.859
28,0.8,1,5e3,5e4,0.869
29,0.8,1,5e3,5e4,0.8708
30,0.8,1,5e3,5e4,0.878
31,0.8,1,5e3,5e4,0.883
32,0.8,1,5e3,5e4,0.8898
33,0.8,1,5e3,5e4,0.9046
34,0.8,1,5e3,5e4,0.901
35,0.8,1,5e3,5e4,0.9058
36,0.8,1,5e3,5e4,0.9062
37,0.8,1,5e3,5e4,0.9166
38,0.8,1,5e3,5e4,0.9164
39,0.8,1,5e3,5e4,0.9234
40,0.8,1,5e3,5e4,0.9286
41,0.8,1,5e3,5e4,0.9346
42,0.8,1,5e3,5e4,0.9422
43,0.8,1,5e3,5e4,0.9422
44,0.8,1,5e3,5e4,0.94
45,0.8,1,5e3,5e4,0.9448
46,0.8,1,5e3,5e4,0.9466
47,0.8,1,5e3,5e4,0.956
48,0.8,1,5e3,5e4,0.9562
49,0.8,1,5e3,5e4,0.9606
50,0.8,1,5e3,5e4,0.9584
51,0.8,1,5e3,5e4,0.9622
52,0.8,1,5e3,5e4,0.9658
53,0.8,1,5e3,5e4,0.9638
54,0.8,1,5e3,5e4,0.9612
55,0.8,1,5e3,5e4,0.966
56,0.8,1,5e3,5e4,0.97
57,0.8,1,5e3,5e4,0.9698
58,0.8,1,5e3,5e4,0.9744
59,0.8,1,5e3,5e4,0.9772
60,0.8,1,5e3,5e4,0.9782
61,0.8,1,5e3,5e4,0.9786
62,0.8,1,5e3,5e4,0.977
63,0.8,1,5e3,5e4,0.986
64,0.8,1,5e3,5e4,0.9828
65,0.8,1,5e3,5e4,0.9826
66,0.8,1,5e3,5e4,0.9826
67,0.8,1,5e3,5e4,0.9868
68,0.8,1,5e3,5e4,0.98740000000000006
69,0.8,1,5e3,5e4,0.9886
70,0.8,1,5e3,5e4,0.9862
71,0.8,1,5e3,5e4,0.9884
72,0.8,1,5e3,5e4,0.9878
73,0.8,1,5e3,5e4,0.9892
74,0.8,1,5e3,5e4,0.9924
75,0.8,1,5e3,5e4,0.9908
76,0.8,1,5e3,5e4,0.9918
77,0.8,1,5e3,5e4,0.9904
78,0.8,1,5e3,5e4,0.9934
79,0.8,1,5e3,5e4,0.9908
80,0.8,1,5e3,5e4,0.9946
81,0.8,1,5e3,5e4,0.9958
82,0.8,1,5e3,5e4,0.995
83,0.8,1,5e3,5e4,0.9946
84,0.8,1,5e3,5e4,0.9938
85,0.8,1,5e3,5e4,0.9962
86,0.8,1,5e3,5e4,0.9942
87,0.8,1,5e3,5e4,0.9948
88,0.8,1,5e3,5e4,0.9978
89,0.8,1,5e3,5e4,0.9944
90,0.8,1,5e3,5e4,0.9956
91,0.8,1,5e3,5e4,0.9972
92,0.8,1,5e3,5e4,0.9968
93,0.8,1,5e3,5e4,0.998
94,0.8,1,5e3,5e4,0.9966
95,0.8,1,5e3,5e4,0.9964
96,0.8,1,5e3,5e4,0.9984
97,0.8,1,5e3,5e4,0.9982
98,0.8,1,5e3,5e4,0.9972
99,0.8,1,5e3,5e4,0.9976
100,0.8,1,5e3,5e4,0.9986
2,0.85,1,5e3,5e4,0.7884
3,0.85,1,5e3,5e4,0.667
4,0.85,1,5e3,5e4,0.6046
5,0.85,1,5e3,5e4,0.5522
6,0.85,1,5e3,5e4,0.5118
7,0.85,1,5e3,5e4,0.5248
8,0.85,1,5e3,5e4,0.5136
9,0.85,1,5e3,5e4,0.4956
10,0.85,1,5e3,5e4,0.4996
11,0.85,1,5e3,5e4,0.5066
12,0.85,1,5e3,5e4,0.4954
13,0.85,1,5e3,5e4,0.4776
14,0.85,1,5e3,5e4,0.513
15,0.85,1,5e3,5e4,0.4998
16,0.85,1,5e3,5e4,0.5076
17,0.85,1,5e3,5e4,0.5036
18,0.85,1,5e3,5e4,0.5026
19,0.85,1,5e3,5e4,0.506
20,0.85,1,5e3,5e4,0.5036
21,0.85,1,5e3,5e4,0.5114
22,0.85,1,5e3,5e4,0.5132
23,0.85,1,5e3,5e4,0.5122
24,0.85,1,5e3,5e4,0.5094
25,0.85,1,5e3,5e4,0.5068
26,0.85,1,5e3,5e4,0.5098
27,0.85,1,5e3,5e4,0.4964
28,0.85,1,5e3,5e4,0.5008
29,0.85,1,5e3,5e4,0.502
30,0.85,1,5e3,5e4,0.5192
31,0.85,1,5e3,5e4,0.5158
32,0.85,1,5e3,5e4,0.5186
33,0.85,1,5e3,5e4,0.532
34,0.85,1,5e3,5e4,0.5182
35,0.85,1,5e3,5e4,0.5182
36,0.85,1,5e3,5e4,0.5142
37,0.85,1,5e3,5e4,0.5304
38,0.85,1,5e3,5e4,0.5104
39,0.85,1,5e3,5e4,0.521
40,0.85,1,5e3,5e4,0.5406
41,0.85,1,5e3,5e4,0.5404
42,0.85,1,5e3,5e4,0.5338
43,0.85,1,5e3,5e4,0.5264
44,0.85,1,5e3,5e4,0.5434
45,0.85,1,5e3,5e4,0.5354
46,0.85,1,5e3,5e4,0.5368
47,0.85,1,5e3,5e4,0.5554
48,0.85,1,5e3,5e4,0.5408
49,0.85,1,5e3,5e4,0.5558
50,0.85,1,5e3,5e4,0.555
51,0.85,1,5e3,5e4,0.5542
52,0.85,1,5e3,5e4,0.5564
53,0.85,1,5e3,5e4,0.5616
54,0.85,1,5e3,5e4,0.5582
55,0.85,1,5e3,5e4,0.5598
56,0.85,1,5e3,5e4,0.5688
57,0.85,1,5e3,5e4,0.5734
58,0.85,1,5e3,5e4,0.5706
59,0.85,1,5e3,5e4,0.5864
60,0.85,1,5e3,5e4,0.5764
61,0.85,1,5e3,5e4,0.585
62,0.85,1,5e3,5e4,0.5848
63,0.85,1,5e3,5e4,0.5926
64,0.85,1,5e3,5e4,0.596
65,0.85,1,5e3,5e4,0.5964
66,0.85,1,5e3,5e4,0.5874
67,0.85,1,5e3,5e4,0.605
68,0.85,1,5e3,5e4,0.5984
69,0.85,1,5e3,5e4,0.5962
70,0.85,1,5e3,5e4,0.6128
71,0.85,1,5e3,5e4,0.6172
72,0.85,1,5e3,5e4,0.6096
73,0.85,1,5e3,5e4,0.6228
74,0.85,1,5e3,5e4,0.619
75,0.85,1,5e3,5e4,0.6076
76,0.85,1,5e3,5e4,0.6284
77,0.85,1,5e3,5e4,0.629
78,0.85,1,5e3,5e4,0.6332
79,0.85,1,5e3,5e4,0.634
80,0.85,1,5e3,5e4,0.6416
81,0.85,1,5e3,5e4,0.6418
82,0.85,1,5e3,5e4,0.6388
83,0.85,1,5e3,5e4,0.6488
84,0.85,1,5e3,5e4,0.6476
85,0.85,1,5e3,5e4,0.6538
86,0.85,1,5e3,5e4,0.6592
87,0.85,1,5e3,5e4,0.6616
88,0.85,1,5e3,5e4,0.6586
89,0.85,1,5e3,5e4,0.6556
90,0.85,1,5e3,5e4,0.6652
91,0.85,1,5e3,5e4,0.6668
92,0.85,1,5e3,5e4,0.6832
93,0.85,1,5e3,5e4,0.6688
94,0.85,1,5e3,5e4,0.6822
95,0.85,1,5e3,5e4,0.682
96,0.85,1,5e3,5e4,0.6764
97,0.85,1,5e3,5e4,0.6938
98,0.85,1,5e3,5e4,0.6696
99,0.85,1,5e3,5e4,0.6902
100,0.85,1,5e3,5e4,0.6954
2,0.9,1,5e3,5e4,0.7372
3,0.9,1,5e3,5e4,0.5666
4,0.9,1,5e3,5e4,0.485
5,0.9,1,5e3,5e4,0.4012
6,0.9,1,5e3,5e4,0.3446
7,0.9,1,5e3,5e4,0.3344
8,0.9,1,5e3,5e4,0.3038
9,0.9,1,5e3,5e4,0.2778
10,0.9,1,5e3,5e4,0.2682
11,0.9,1,5e3,5e4,0.2594
12,0.9,1,5e3,5e4,0.244
13,0.9,1,5e3,5e4,0.223
14,0.9,1,5e3,5e4,0.226
15,0.9,1,5e3,5e4,0.2122
16,0.9,1,5e3,5e4,0.2064
17,0.9,1,5e3,5e4,0.2102
18,0.9,1,5e3,5e4,0.1948
19,0.9,1,5e3,5e4,0.1878
20,0.9,1,5e3,5e4,0.1804
21,0.9,1,5e3,5e4,0.1794
22,0.9,1,5e3,5e4,0.1622
23,0.9,1,5e3,5e4,0.1612
24,0.9,1,5e3,5e4,0.1502
25,0.9,1,5e3,5e4,0.1592
26,0.9,1,5e3,5e4,0.1402
27,0.9,1,5e3,5e4,0.1454
28,0.9,1,5e3,5e4,0.1464
29,0.9,1,5e3,5e4,0.1312
30,0.9,1,5e3,5e4,0.1324
31,0.9,1,5e3,5e4,0.1326
32,0.9,1,5e3,5e4,0.1244
33,0.9,1,5e3,5e4,0.1212
34,0.9,1,5e3,5e4,0.1088
35,0.9,1,5e3,5e4,0.1126
36,0.9,1,5e3,5e4,0.1058
37,0.9,1,5e3,5e4,0.1106
38,0.9,1,5e3,5e4,0.1006
39,0.9,1,5e3,5e4,0.0996
40,0.9,1,5e3,5e4,0.1018
41,0.9,1,5e3,5e4,0.093
42,0.9,1,5e3,5e4,0.0872
43,0.9,1,5e3,5e4,0.0884
44,0.9,1,5e3,5e4,0.0846
45,0.9,1,5e3,5e4,0.0852
46,0.9,1,5e3,5e4,0.0778
47,0.9,1,5e3,5e4,0.0818
48,0.9,1,5e3,5e4,0.0826
49,0.9,1,5e3,5e4,0.0778
50,0.9,1,5e3,5e4,0.0744
51,0.9,1,5e3,5e4,0.0688
52,0.9,1,5e3,5e4,0.073
53,0.9,1,5e3,5e4,0.0654
54,0.9,1,5e3,5e4,0.0574
55,0.9,1,5e3,5e4,0.058
56,0.9,1,5e3,5e4,0.063
57,0.9,1,5e3,5e4,0.0546
58,0.9,1,5e3,5e4,0.047
59,0.9,1,5e3,5e4,0.057
60,0.9,1,5e3,5e4,0.0514
61,0.9,1,5e3,5e4,0.0562
62,0.9,1,5e3,5e4,0.0448
63,0.9,1,5e3,5e4,0.0512
64,0.9,1,5e3,5e4,0.0472
65,0.9,1,5e3,5e4,0.0426
66,0.9,1,5e3,5e4,0.0464
67,0.9,1,5e3,5e4,0.0468
68,0.9,1,5e3,5e4,0.0374
69,0.9,1,5e3,5e4,0.0388
70,0.9,1,5e3,5e4,0.0416
71,0.9,1,5e3,5e4,0.0366
72,0.9,1,5e3,5e4,0.0382
73,0.9,1,5e3,5e4,0.0378
74,0.9,1,5e3,5e4,0.032
75,0.9,1,5e3,5e4,0.034
76,0.9,1,5e3,5e4,0.0316
77,0.9,1,5e3,5e4,0.0282
78,0.9,1,5e3,5e4,0.0316
79,0.9,1,5e3,5e4,0.0302
80,0.9,1,5e3,5e4,0.027
81,0.9,1,5e3,5e4,0.032
82,0.9,1,5e3,5e4,0.0292
83,0.9,1,5e3,5e4,0.0282
84,0.9,1,5e3,5e4,0.024
85,0.9,1,5e3,5e4,0.0266
86,0.9,1,5e3,5e4,0.0248
87,0.9,1,5e3,5e4,0.0246
88,0.9,1,5e3,5e4,0.0198
89,0.9,1,5e3,5e4,0.022
90,0.9,1,5e3,5e4,0.0244
91,0.9,1,5e3,5e4,0.0198
92,0.9,1,5e3,5e4,0.0222
93,0.9,1,5e3,5e4,0.0198
94,0.9,1,5e3,5e4,0.0226
95,0.9,1,5e3,5e4,0.0232
96,0.9,1,5e3,5e4,0.0188
97,0.9,1,5e3,5e4,0.0214
98,0.9,1,5e3,5e4,0.0174
99,0.9,1,5e3,5e4,0.014
100,0.9,1,5e3,5e4,0.0142
2,0.95,1,5e3,5e4,0.6738
3,0.95,1,5e3,5e4,0.448
4,0.95,1,5e3,5e4,0.3288
5,0.95,1,5e3,5e4,0.2338
6,0.95,1,5e3,5e4,0.1748
7,0.95,1,5e3,5e4,0.1636
8,0.95,1,5e3,5e4,0.1214
9,0.95,1,5e3,5e4,0.099
10,0.95,1,5e3,5e4,0.0914
11,0.95,1,5e3,5e4,0.0764
12,0.95,1,5e3,5e4,0.0638
13,0.95,1,5e3,5e4,0.0604
14,0.95,1,5e3,5e4,0.0524
15,0.95,1,5e3,5e4,0.0552
16,0.95,1,5e3,5e4,0.0458
17,0.95,1,5e3,5e4,0.0416
18,0.95,1,5e3,5e4,0.0378
19,0.95,1,5e3,5e4,0.0342
20,0.95,1,5e3,5e4,0.0326
21,0.95,1,5e3,5e4,0.0254
22,0.95,1,5e3,5e4,0.0288
23,0.95,1,5e3,5e4,0.0266
24,0.95,1,5e3,5e4,0.022
25,0.95,1,5e3,5e4,0.0264
26,0.95,1,5e3,5e4,0.0222
27,0.95,1,5e3,5e4,0.023
28,0.95,1,5e3,5e4,0.022
29,0.95,1,5e3,5e4,0.019
30,0.95,1,5e3,5e4,0.0182
31,0.95,1,5e3,5e4,0.0192
32,0.95,1,5e3,5e4,0.0192
33,0.95,1,5e3,5e4,0.0154
34,0.95,1,5e3,5e4,0.0148
35,0.95,1,5e3,5e4,0.0144
36,0.95,1,5e3,5e4,0.0144
37,0.95,1,5e3,5e4,0.0138
38,0.95,1,5e3,5e4,0.0114
39,0.95,1,5e3,5e4,0.0108
40,0.95,1,5e3,5e4,0.0094
41,0.95,1,5e3,5e4,0.01
42,0.95,1,5e3,5e4,0.0082
43,0.95,1,5e3,5e4,0.0096
44,0.95,1,5e3,5e4,0.0088
45,0.95,1,5e3,5e4,0.0104
46,0.95,1,5e3,5e4,0.0064
47,0.95,1,5e3,5e4,0.0076
48,0.95,1,5e3,5e4,0.008
49,0.95,1,5e3,5e4,0.008
50,0.95,1,5e3,5e4,0.007
51,0.95,1,5e3,5e4,0.0056
52,0.95,1,5e3,5e4,0.0084
53,0.95,1,5e3,5e4,0.0054
54,0.95,1,5e3,5e4,0.0048
55,0.95,1,5e3,5e4,0.0042
56,0.95,1,5e3,5e4,0.0046
57,0.95,1,5e3,5e4,0.0054
58,0.95,1,5e3,5e4,0.005
59,0.95,1,5e3,5e4,0.0056
60,0.95,1,5e3,5e4,0.0068
61,0.95,1,5e3,5e4,0.0034
62,0.95,1,5e3,5e4,0.005
63,0.95,1,5e3,5e4,0.0046
64,0.95,1,5e3,5e4,0.0032
65,0.95,1,5e3,5e4,0.004
66,0.95,1,5e3,5e4,0.0042
67,0.95,1,5e3,5e4,0.0044
68,0.95,1,5e3,5e4,0.0028
69,0.95,1,5e3,5e4,0.004
70,0.95,1,5e3,5e4,0.0028
71,0.95,1,5e3,5e4,0.0028
72,0.95,1,5e3,5e4,0.0016
73,0.95,1,5e3,5e4,0.0048
74,0.95,1,5e3,5e4,0.0028
75,0.95,1,5e3,5e4,0.0014
76,0.95,1,5e3,5e4,0.0022
77,0.95,1,5e3,5e4,0.002
78,0.95,1,5e3,5e4,0.002
79,0.95,1,5e3,5e4,0.0018
80,0.95,1,5e3,5e4,0.001
81,0.95,1,5e3,5e4,0.0018
82,0.95,1,5e3,5e4,8e-4
83,0.95,1,5e3,5e4,0.0024
84,0.95,1,5e3,5e4,0.0024
85,0.95,1,5e3,5e4,8e-4
86,0.95,1,5e3,5e4,0.001
87,0.95,1,5e3,5e4,0.0014
88,0.95,1,5e3,5e4,0.0014
89,0.95,1,5e3,5e4,0.0016
90,0.95,1,5e3,5e4,0.0016
91,0.95,1,5e3,5e4,0.0024
92,0.95,1,5e3,5e4,0.0016
93,0.95,1,5e3,5e4,8e-4
94,0.95,1,5e3,5e4,8e-4
95,0.95,1,5e3,5e4,0.002
96,0.95,1,5e3,5e4,0.001
97,0.95,1,5e3,5e4,0.0014
98,0.95,1,5e3,5e4,0.0012
99,0.95,1,5e3,5e4,0.0012
100,0.95,1,5e3,5e4,4e-4
